nom;prenom;identifiant_lc;domaine
Chateaubriand, de;François-René, vicomte;PQ2205;litterature
Leconte de Lisle;Charles Marie René;[PQ2332-2336];litterature
About;Edmond François Valentin;PQ2151;litterature
Achard;Louis Amédée Eugène;PQ2152.A2;litterature
Allais;Alphonse;PQ2601.L6;litterature
Andréas-Salomé;Lou;PT2601.N4;litterature
Annunzio, d';Gabriele;[PQ4803-4804];litterature
Apollinaire;Guillaume;PQ2601.P6;litterature
Asselineau;Charles;PQ2191.Z5 A8;litterature
Audoux;Marguerite;PQ2601.U4;litterature
Balzac, de;Honoré;[PQ2157-2185];litterature
Banville, de;Théodore Faullain;PQ2187-2188;litterature
Bar;Augustin;PQ2603.A283 A5 1928;litterature
Barbey d'Aurevilly;Jules;PQ2189.B32;litterature
Barney;Natalie Clifford;PQ3939.B3 Z463 1975;litterature
Barrès;Maurice;PQ2603.A52;litterature
Barrucand;Victor;PQ2603.A54 A7 1911;litterature
Barthou;Louis;PQ2297 .B3;litterature
Baudelaire;Charles Pierre;PQ2191;litterature
Becque;Henry;PQ2193.B4;litterature
Benjamin;Walter Romeyn;PS3503.E543;litterature
Bernard;Tristan;PQ2603.E6;litterature
Bétouzet, de;Henry Peyre;PQ2631.E9 D3 1911;litterature
Blanche;Jacques-Emile;PQ2603.L32;litterature
Blémont;Emile;PQ2197.B75;litterature
Bloy;Léon;PQ2198.B18;litterature
Boisson;Marius;PQ2260.G47 B6;litterature
Borel;Pierre;PQ2353 .B55;litterature
Borel;Pétrus;PQ2198.B4;litterature
Bouchor;Maurice;PQ2198.B6;litterature
Bourget;Paul Charles Joseph;PQ2199;litterature
Bouvier;Jean;PQ2603.O82 A7 1934;litterature
Bruant;Aristide;PQ2603.R9;litterature
Buchon;Max;PT1812.A3 S34 1853;litterature
Canat;René;PQ281 .C3;litterature
Capitaine Danrit;;PQ2220.D36;litterature
Capus;Alfred;PQ2203.C7;litterature
Carnoy;Henry;CT1003.C6;litterature
Caro;Elme-Marie;B2195;litterature
Chabrillan, de;Elizabeth-Céleste;"PZ3.M8136 Go
PQ2367.M65";litterature
Champfleury;;[PQ2252.A61-.Z5];litterature
Chénin;Emile;PQ2412 .C4 1911;litterature
Chojecki;Charles-Edmond;PG7158.C4 D46 2014;litterature
Claudel;Paul;PQ2605.L2;litterature
Claudel;Paul;PQ2605.L2;litterature
Clémenceau;Georges Eugène Benjamin;DC342.8.C6;litterature
Cler;Albert;DC33.6.P6 V7;litterature
Colette;;PQ2605.O28;litterature
Comtesse de Ségur;;PQ2427.S5;litterature
Coulevain, de;Pierre;PQ2611.A9 A9 1908;litterature
Courier de Meré;Paul-Louis;PQ2211.C42;litterature
Cozzani;Ettore;PQ4809.O9;litterature
Cravan;Arthur;PQ2605.R16 A6 1987;litterature
Cros;Charles;PQ2211.C65;litterature
Dario;Ruben;PQ7519.D3;litterature
Darzens;Rodolphe;PQ2215.D3;litterature
Daudet;Léon;PQ2607.A8;litterature
Daudet;Alphonse;PQ2216;litterature
Daudet;Julia;PQ2217.D25;litterature
Deffoux;Léon Louis;PQ661 .D4;litterature
Delvau;Alfred;PQ2218.D36 G7;litterature
Dickens;Charles;PR4550-4598;litterature
Dieulafoy;Jane;PQ2219.D73;litterature
Doucet;Jérôme;PQ2607.O7;litterature
Doudan;Ximénès;PN45 .D77;litterature
Drack;Maurice;PQ1237.F6 P6 1970;litterature
Dreyfus;Robert;PQ2631. R63 Z55 1926;litterature
Du Camp;Maxime;PQ2220.D7;litterature
Dumas (fils);Alexandre;PQ2231;litterature
Dumas (père);Alexandre;PQ2221-2230;litterature
Dumesnil;René;PQ2247 .D8;litterature
Duplay;Maurice;PQ2631.R63 Z577;litterature
Dusolier;Alcide;PQ2664.U77 H5;litterature
Eekhoud;Georges;PQ2237.E2;litterature
Eliot;George;PR4650-4698;litterature
Fargue;Léon-Paul;PQ2611. A66 Z47 1987;litterature
Fénéon;Félix;N7483.F4 H3;litterature
Field;Michael;PR4699.F5;litterature
Flaubert;Gustave;[PQ2246-2250];litterature
Fontainas;André;PN56.S9 F66 1991;litterature
Fontaine;André;PQ2611.O68 M6 1918;litterature
Fournier;Alain;PQ2611.O85;litterature
France;Anatole;[PQ2254.A1-.Z5];litterature
Frapié;Léon;PQ2611.R33;litterature
Frères Grimm;Jacob / Wilhelm Carl;PT2100.G7;litterature
Fromentin;Eugène Samuel Auguste;PQ2256.F5;litterature
Gauthier-Villars;Henry;PQ2257.G8;litterature
Gautier;Théophile;PQ2258;litterature
Geffroy;Gustave;ND553.C8 G26;litterature
Gérard;Rosemonde;PQ1167 .G4 1948;litterature
Germain;André;PQ2613.E737 B6;litterature
Gide;André;PQ2613.I2;litterature
Gilkin;Iwan;PQ2260.G44;litterature
Girardin, de;Delphine;PQ2260.G67;litterature
Goncourt, de;Edmond et Jules;PQ2261;litterature
Gourmont, de;Rémy;PQ2266;litterature
Gozlan;Léon;PQ2268;litterature
Gray;John;PR6013.R367;litterature
Gualdo;Luigi;PQ4705.G65;litterature
Guédy;Pierre;PQ2613.U184 I7 1932;litterature
Guiches;Gustave;PQ2613.U4;litterature
Guimet;Emile;ML38.D63 G9;litterature
Gyp;;PQ2347.M6 G6 1895;litterature
Halévy;Ludovic;PQ2273;litterature
Harwood;John Berwick;"PZ3.H266 P
PR4759.H72";litterature
Heredia, de;José-Maria;PQ2275.H3;litterature
Hetzel;Pierre Jules;PQ2275.H8;litterature
Heumann;Albert Gabriel;PQ3814 .H4;litterature
Hoffmann;Heinrich;PT2362.H45;litterature
Huart;Louis André;PQ2276.H74;litterature
Hugo;Victor Marie, comte;PQ2279-2307;litterature
Hugo;Adèle;PQ2295.7 .H75 1968;litterature
Huret;Jules;PQ281 .H8 1913;litterature
Huysmans;Joris-Karl;PQ2309.H4;litterature
Ibsen;Henrik Johan;[PT8850.2-8900];litterature
James;Alice;CT75.J29 A3;litterature
James;Henry;PS2110-2128;litterature
Jammes;Francis;PQ2619.A5;litterature
Jarry;Alfred;PQ2619.A65;litterature
Jeannie;Gobillard-Valéry;PQ2643.A26 Z6354 2021;litterature
Jeanroy-Félix;Victor;PN763 .J4;litterature
Jewett;Sarah Orne;PS2130-2133;litterature
Juy;Jouy;PQ2311.J76;litterature
Kahn;Gustave;PQ2621.A3;litterature
Karr;Alphonse;PQ2315;litterature
Kipling;Rudyard;PR4850-4858;litterature
La Fontaine, de;Jean;[PQ1806-1812];litterature
Laforgue;Jules;PQ2323.L8;litterature
Lamartine, de;Alphonse;[PQ2325-2329];litterature
Laretta;Enrique;PQ7797.L28;litterature
Larguier;Léo César Albin;PQ2623.A653 A8 1928;litterature
Larousse;Piere;PC2111 .L54 1878;litterature
Lauris, de;George;PQ2623.A87 G5 1921;litterature
Lautréamont;;PQ2220 .D723;litterature
Léautaud;Paul;PQ2623.E14;litterature
Legouvé;Ernest;PQ2337.L23;litterature
Lemaître;Jules;PQ2337.L3;litterature
Lemonnier;Camille;PQ2337.L4;litterature
Lepelletier;Edmond;PQ2337.L5;litterature
Leroux;Gaston;PQ2623.E6;litterature
Levey;Jean-Marie;PQ2623.E914 C37 1993;litterature
Lorrain;Jean;PQ2235.D93;litterature
Loti;Pierre;(PQ2339);litterature
Louÿs;Pierre;PQ2623.O8;litterature
Lovecraft;Howard Philips;PS3523.O833;litterature
Loyson;Paul-Hyacinthe;PQ2623.O9;litterature
Lugné-Poe;Aurélien-Marie;PN2636.P3 L88;litterature
Maeterlinck;Maurice;[PQ2625.A3-.A61];litterature
Maigron;Louis;PQ287 .M3 1977;litterature
Maizeroy;René;PQ2452.T6 M3 1880;litterature
Mallarmé;Stéphane;PQ2344;litterature
Mann;Thomas;PT2625.A44;litterature
Margueritte;Paul;PQ2347.M32;litterature
Margueritte;Victor;PQ2347.M33;litterature
Marie;Aristide;PQ2625.A78715 F6 1936;litterature
Massis;Henri;PQ2631. R63 Z75;litterature
Maupassant, de;Guy;PQ2349-2358;litterature
Mazé;Jules;DC136 .M38;litterature
Mérimée;Prosper;PQ2362;litterature
Méry;Joseph;PQ2364.M2;litterature
Michel;Louise;PQ2364.M366;litterature
Michelet;Jules;PQ2364.M37;litterature
Michelet;Athénaïs Marguerite;PQ2364.M371;litterature
Mirbeau;Octave;PQ2364.M7;litterature
Mockel;Albert;PQ2366.M25;litterature
Monfreid, de;Henry;PQ2625.O32 E8 1965;litterature
Monselet;Charles;PQ2366.M5;litterature
Montagne;Edouard;PQ2366.M72 F4 1885;litterature
Montesquiou, de;Robert;PQ2625.O39;litterature
Moore;George Edward;PR5040-5044;litterature
Moréas;Jean;PQ2367.M3;litterature
Morello;Vincenzo;DD240 .M6;litterature
Mugnier;Arthur (abbé);BX4705.M77 A34 1985;litterature
Murger;Henry;PQ2367.M94;litterature
Musset, de;Alfred;[PQ2369-2373];litterature
Nerval, de;Gérard;PQ2260.G36;litterature
Noailles, de;Anna;PQ2627.O17;litterature
Normandy;Georges;PQ2235.D93 Z7 1907;litterature
Nouveau;Germain;PQ2376.N88;litterature
Ouida;;PR4527;litterature
Pancrazi;Pietro;Z8656.84;litterature
Pater;Walter;PR5130-5138;litterature
Paulhan;Jean;Z8665.66;litterature
Pawlowski, de;Gaston;D523 .P38;litterature
Péguy;Charles Pierre;PQ2631.E25;litterature
Péladan;Joséphin;PQ2380.P5;litterature
Philippe;Charles-Louis;PQ2631.H5;litterature
Picard;Edmond;KJK1630 .P534 1893;litterature
Poe;Edgar Allan;PS2600-2648;litterature
Pougy, de;Liane;PQ2613.H47;litterature
Pozzi;Catherine;PQ2631.O977;litterature
Prarond;Ernest;PQ1678 .P7 1969;litterature
Pravieux;Jules;PQ2631.R27 L4 1921;litterature
Proust;Marcel;PQ2631.R64;litterature
Prudhomme;Sully;PQ2448.A1;litterature
Quinet;Edgar;PQ2384.Q6;litterature
Quint;Léon-Pierre;PQ2631. R63 Z8 1946;litterature
Rachilde;;PQ2643.A323;litterature
Racot;Adolphe;PQ146 .P67 2007;litterature
Raynaud;Ernest;PQ438 .R3;litterature
Rebell;Hugues;PQ2386.R15;litterature
Reclus;Jacques Elisée;GB53 .R477;litterature
Régnier, de;Henri François Joseph;PQ2635.E34;litterature
Régnier, de;Marie;PQ2635.E35 J3 1927;litterature
Renan;Ernest;[PQ2386.R37-.R39];litterature
Renard;Pierre;PQ2635.E48;litterature
Retté;Adolphe;BV4935.R4 A3 1909;litterature
Reybaud;Louis;PQ2386.R9;litterature
Ricard, de;Louis-Xavier;PQ2387.R32;litterature
Rilke;Rainer Maria;PT2635.I65;litterature
Rimbaud;Arthur;PQ2387.R5;litterature
Riotor;Léon;PQ2635.I7 F3;litterature
Rivière;Jacques;PQ2635.I87;litterature
Rochel;Clément;PQ6328 .A1 1903;litterature
Rodenbach;Georges;PQ2388.R413;litterature
Rodenbarches;Georges;PQ2388.R413;litterature
Rolland;Romain;PQ2635.O5;litterature
Rollinat;Maurice;PQ2388.R428;litterature
Rostand;Edmond;[PQ2635.O58-.O81];litterature
Rothenstein;William;ND497.R85 A27;litterature
Roujon;Joseph Henry;PQ2389.R4 M5 1895;litterature
Roussel;Raymond;PQ2635.O96168 I5 1972;litterature
Rouveyre;André;PQ2601.P6 Z75;litterature
Ruskin;John;[PR5250-5268];litterature
Sade, de;Donatien Alphonse François;PQ2063.S3;litterature
Sainte-Beuve;Charles Augustin;PQ2391.A1-Z7;litterature
Saint-Pol-Roux;;PQ2635.O9628;litterature
Salmon;André;PQ2637.A55;litterature
Sand;George;[PQ2393-2420];litterature
Schuré;Edouard;PQ2423.S6;litterature
Schwob;Marcel;PQ2423.S8;litterature
Séché;Léon;PQ2427.S2;litterature
Segalen;Victor;PQ2637.E33 I54 1966;litterature
Seillière;Ernest-Antoine Aimé Léon;B2430.S4-.S44;litterature
Shakespear;William;PG7083.S49;litterature
Soulié;Melchior Fréderic;PQ2429.S5;litterature
Souvestre;Charles Emile;PQ2429.S7;litterature
Stein;Gertrude;PS3537.T323;litterature
Stendhal;;PQ2435-2444;litterature
Stevenson;Robert Louis;[PR5480-5498];litterature
Strindberg;Auguste;[PT9799.2-9817];litterature
Suarès;André;PQ2637.U2;litterature
Surville;Laure;PQ2178 .S9;litterature
Swinburne;Algernon Charles;PR5500-5518;litterature
Sylva;Carmen;PQ2237.E25 P4 1998;litterature
Symonds;John Addington;PR5520-5523;litterature
Taine;Hippolyte;PQ2449.T3;litterature
Tharaud;Jérôme;PQ2639.H13;litterature
Tharaud;Jean;PQ2639.H13;litterature
Thibaudet;Albert;PQ2247 .T5 1935;litterature
Tinan, de;Jean;PQ2450.T67;litterature
Tissot;Victor;DB854 .T61;litterature
Turgenev/Tourgueniev/Tourguénev;Ivan;[PG3420-3445];litterature
Turquety;Edouard;PQ2452.T877 A6 1861;litterature
Turquéty;Edouard;PQ2452.T877 A6 1861;litterature
Twain;Mark;PS1300-1348;litterature
Ulbach;Louis;PQ2454.U5;litterature
Uzanne;Louis Octave;PQ2454.U8;litterature
Valera y Alcalá Galiano;Juan;PQ6573;litterature
Valéry;Paul;PQ2643.A26;litterature
Vallès;Jules;PQ2458.V7;litterature
Vaudoyer;Jean-Louis;PQ2643.A7;litterature
Verhaeren;Emile;[PQ2459.V8-.V9];litterature
Verlaine;Paul Marie;[PQ2463-2467];litterature
Verne;Jules;PQ2469;litterature
Veuillot;Louis-François;PQ2471.V7;litterature
Vielé-Griffin;Francis;PQ2643.I3;litterature
Vigné d'Octon;Paul;PQ2473.V8 T4 1892;litterature
Villiers de l'Isle-Adam;Jean Marie Mathias Philippe Auguste;PQ2476.V4;litterature
Virmaitre;Charles;HV8621.F8 V57 1985;litterature
Vivien;Renée;PQ2643.I9;litterature
Vollard;Ambroise;PQ2643.O48 A6 1994;litterature
Warnod;André;PN5183.W3 A3;litterature
Weil;Armand;PC2117 .W49;litterature
Whistler;James A. McNeil;PS595.W398;litterature
Wilde;Oscar;[PR5810-5828];litterature
Willy;;PQ2257.G8;litterature
Zo d'Axa;;HX893 .G34;litterature
Zola;Emile;PQ2489-2548;litterature
Zweig;Stefan;PT2653.W42;litterature
