classe;cote_range;description;commentaire;nb_ouvrages;groupe;source;statut
AM;AM1-(501);Museums.  Collectors and collecting;;;AM;Ancien plan réduit (LCC);valide
AM;AM111-160;Museology.  Museum methods, technique, etc.;;;AM;Ancien plan réduit (LCC);valide
AM;AM200-(501);Collectors and collecting;;;AM;Ancien plan réduit (LCC);valide
AM;AM10-100;By country;;;AM;Ancien plan réduit (LCC);valide
BH;BH81-208;History;;;BH;Ancien plan réduit (LCC);valide
BH;BH1-301;Aesthetics;;;BH;Ancien plan réduit (LCC);valide
BH;BH301;Special topics;;;BH;Ancien plan réduit (LCC);valide
C;C;Auxiliary Sciences Of History;;;C;Ancien plan réduit (LCC);valide
CC;CC72-81;Philosophy.  Theory;;;CC;Ancien plan réduit (LCC);valide
CC;CC710;Hill figures;;;CC;Ancien plan réduit (LCC);valide
C;C1-51;Auxiliary Sciences of History (General);;;C;Ancien plan réduit (LCC);valide
CC;CC200-260;Bells.  Campanology.  Cowbells;;;CC;Ancien plan réduit (LCC);valide
CC;CC73-81;Methodology;;;CC;Ancien plan réduit (LCC);valide
CC;CC140;Forgeries of antiquities;;;CC;Ancien plan réduit (LCC);valide
CC;CC600-605;Boundary stones;;;CC;Ancien plan réduit (LCC);valide
CC;CC300-350;Crosses;;;CC;Ancien plan réduit (LCC);valide
CC;CC700-705;Stone heaps, cairns, etc., of unknown purpose;;;CC;Ancien plan réduit (LCC);valide
CC;CC1-960;Archaeology;;;CC;Ancien plan réduit (LCC);valide
CC;CC960;Lanterns of the dead;;;CC;Ancien plan réduit (LCC);valide
CC;CC83-97;Study and teaching.  Research;;;CC;Ancien plan réduit (LCC);valide
CC;CC135-137;Preservation, restoration, and conservation of antiquities.;;;CC;Ancien plan réduit (LCC);valide
D;D;World History And History Of Europe, Asia, Africa, Australia, New Zealand, Etc.;;;D;Ancien plan réduit (LCC);valide
DA;DA990-995;Local history and description;;;DA;Ancien plan réduit (LCC);valide
D;D301-309;Period of the French Revolution;;;D;Ancien plan réduit (LCC);valide
DA;DA740-745;Local history and description;;;DA;Ancien plan réduit (LCC);valide
D;D101-110.5;Medieval and modern history, 476-;;;D;Ancien plan réduit (LCC);valide
DA;DA930-965;By period;;;DA;Ancien plan réduit (LCC);valide
DA;DA750-757.7;General;;;DA;Ancien plan réduit (LCC);valide
D;D275-276;War of Devolution, 1667-1668;;;D;Ancien plan réduit (LCC);valide
D;D890-893;Eastern Hemisphere;;;D;Ancien plan réduit (LCC);valide
DA;DA920-927;Antiquities.  Social life and customs.  Ethnography;;;DA;Ancien plan réduit (LCC);valide
DA;DA20-690;England;;;DA;Ancien plan réduit (LCC);valide
D;D1-2027;History (General);;;D;Ancien plan réduit (LCC);valide
D;D901-980;Description and travel;;;D;Ancien plan réduit (LCC);valide
D;D111-203;Medieval history;;;D;Ancien plan réduit (LCC);valide
D;D371-(379);Eastern question;;;D;Ancien plan réduit (LCC);valide
DA;DA90-125;Antiquities.  Social life and customs.  Ethnography;;;DA;Ancien plan réduit (LCC);valide
DA;DA930-937.5;Early and medieval to 1603;;;DA;Ancien plan réduit (LCC);valide
D;D31-34;Political and diplomatic history;;;D;Ancien plan réduit (LCC);valide
DA;DA140-199;Celts.  Romans.  Saxons.  Danes.  Normans;;;DA;Ancien plan réduit (LCC);valide
DA;DA670-690;Local history and description;;;DA;Ancien plan réduit (LCC);valide
DA;DA725-738;Description and travel;;;DA;Ancien plan réduit (LCC);valide
DA;DA505-522;George III, 1760-1820;;;DA;Ancien plan réduit (LCC);valide
DA;DA900-995;Ireland;;;DA;Ancien plan réduit (LCC);valide
D;D200-203;Later medieval.  11th-15th centuries;;;D;Ancien plan réduit (LCC);valide
DA;DA40-89.6;Political, military, naval, and Air Force history.;;;DA;Ancien plan réduit (LCC);valide
DA;DA807;The Union, 1707;;;DA;Ancien plan réduit (LCC);valide
DA;DA430-463;Later Stuarts;;;DA;Ancien plan réduit (LCC);valide
D;D299-(475);1789-;;;D;Ancien plan réduit (LCC);valide
DA;DA815-826;19th-20th centuries;;;DA;Ancien plan réduit (LCC);valide
DA;DA20-27.5;General;;;DA;Ancien plan réduit (LCC);valide
DA;DA990.U45-U46;Northern Ireland (Ulster);;;DA;Ancien plan réduit (LCC);valide
DA;DA200-260;1154-1485.  Angevins.  Plantagenets.  Lancaster-York;;;DA;Ancien plan réduit (LCC);valide
DA;DA498-503;1714-1760;;;DA;Ancien plan réduit (LCC);valide
DA;DA10-18.2;British Empire.  Commonwealth of Nations.  The Commonwealth;;;DA;Ancien plan réduit (LCC);valide
DA;DA850-878;Description and travel;;;DA;Ancien plan réduit (LCC);valide
DA;DA300-592;Modern, 1485-;;;DA;Ancien plan réduit (LCC);valide
DA;DA28-35;General;;;DA;Ancien plan réduit (LCC);valide
D;D219-234;1453-1648;;;D;Ancien plan réduit (LCC);valide
DA;DA900-908.7;General;;;DA;Ancien plan réduit (LCC);valide
DA;DA966-966.2;21st century;;;DA;Ancien plan réduit (LCC);valide
D;D274.5-6;Anglo-French War, 1666-1667;;;D;Ancien plan réduit (LCC);valide
DA;DA28-592;History;;;DA;Ancien plan réduit (LCC);valide
DA;DA350-360;Elizabeth I, 1558-1603.  Elizabethan age;;;DA;Ancien plan réduit (LCC);valide
DA;DA1-995;History of Great Britain;;;DA;Ancien plan réduit (LCC);valide
D;D1-24.5;General;;;D;Ancien plan réduit (LCC);valide
D;D297;Seven Years? War, 1756-1763;;;D;Ancien plan réduit (LCC);valide
D;D(204)-(475);Modern history, 1453-;;;D;Ancien plan réduit (LCC);valide
D;D135-149;Migrations;;;D;Ancien plan réduit (LCC);valide
D;D277-278.5;Dutch War, 1672-1678;;;D;Ancien plan réduit (LCC);valide
DA;DA949.7-965;19th-20th centuries.  Irish question;;;DA;Ancien plan réduit (LCC);valide
DA;DA757.9-826;History;;;DA;Ancien plan réduit (LCC);valide
D;D251-271;Thirty Years? War, 1618-1648;;;D;Ancien plan réduit (LCC);valide
D;D880-888;Developing countries;;;D;Ancien plan réduit (LCC);valide
DA;DA777-790;Early and medieval to 1603;;;DA;Ancien plan réduit (LCC);valide
DA;DA700-745;Wales;;;DA;Ancien plan réduit (LCC);valide
DA;DA750-890;Scotland;;;DA;Ancien plan réduit (LCC);valide
D;D501-680;World War I (1914-1918);;;D;Ancien plan réduit (LCC);valide
DA;DA783.5-790;Stuarts, 1371-1603;;;DA;Ancien plan réduit (LCC);valide
D;D731-838;World War II (1939-1945);;;D;Ancien plan réduit (LCC);valide
DA;DA675-689;London;;;DA;Ancien plan réduit (LCC);valide
DA;DA909-965;History;;;DA;Ancien plan réduit (LCC);valide
DA;DA600-667;Description and travel.  Guidebooks;;;DA;Ancien plan réduit (LCC);valide
DA;DA690;Other cities, towns, etc., A-Z;;;DA;Ancien plan réduit (LCC);valide
DA;DA310-360;Tudors, 1485-1603;;;DA;Ancien plan réduit (LCC);valide
D;D281-283.5;War of Spanish Succession, 1701-1714;;;D;Ancien plan réduit (LCC);valide
DA;DA880-890;Local history and description;;;DA;Ancien plan réduit (LCC);valide
D;D410-(475);20th century;;;D;Ancien plan réduit (LCC);valide
D;D51-90;Ancient history;;;D;Ancien plan réduit (LCC);valide
DA;DA765-774.5;Political and military history.  Antiquities, etc.;;;DA;Ancien plan réduit (LCC);valide
DA;DA700-713;General;;;DA;Ancien plan réduit (LCC);valide
DA;DA800-814.5;1603-1707/1745;;;DA;Ancien plan réduit (LCC);valide
DA;DA129-592;By period;;;DA;Ancien plan réduit (LCC);valide
D;D383;1815-1830.  Congress of Vienna;;;D;Ancien plan réduit (LCC);valide
DA;DA969-988;Description and travel;;;DA;Ancien plan réduit (LCC);valide
DA;DA385-398;Early Stuarts, 1603-1642;;;DA;Ancien plan réduit (LCC);valide
DA;DA933.3;English conquest, 1154-1189;;;DA;Ancien plan réduit (LCC);valide
D;D1050-2027;History;;;D;Ancien plan réduit (LCC);valide
DA;DA714-722.1;History;;;DA;Ancien plan réduit (LCC);valide
D;D25-27;Military and naval history;;;D;Ancien plan réduit (LCC);valide
D;D385-393;1830-1870;;;D;Ancien plan réduit (LCC);valide
D;D291-294;War of Austrian Succession, 1740-1748;;;D;Ancien plan réduit (LCC);valide
DA;DA400-429;Civil War and Commonwealth, 1642-1660;;;DA;Ancien plan réduit (LCC);valide
D;D900-2009;Europe (General);;;D;Ancien plan réduit (LCC);valide
D;D839-860;Post-war history (1945-    );;;D;Ancien plan réduit (LCC);valide
D;D720-728;Period between World Wars (1919-1939);;;D;Ancien plan réduit (LCC);valide
D;D461-(475);Eastern question;;;D;Ancien plan réduit (LCC);valide
DA;DA129-260;Early and medieval to 1485;;;DA;Ancien plan réduit (LCC);valide
D;D242-283.5;1601-1715.  17th century;;;D;Ancien plan réduit (LCC);valide
DA;DA813-814.5;1707-1745.  Jacobite movements;;;DA;Ancien plan réduit (LCC);valide
D;D151-173;Crusades;;;D;Ancien plan réduit (LCC);valide
DA;DA670;Counties, regions, etc., A-Z;;;DA;Ancien plan réduit (LCC);valide
DA;DA757.9-763;General;;;DA;Ancien plan réduit (LCC);valide
DA;DA550-565;Victorian era, 1837-1901;;;DA;Ancien plan réduit (LCC);valide
DA;DA963;1922-    .  Republic of Ireland.  Irish Free State;;;DA;Ancien plan réduit (LCC);valide
D;D284-297;1715-1789.  18th century;;;D;Ancien plan réduit (LCC);valide
D;D394-400;1871-    .  Later 19th century;;;D;Ancien plan réduit (LCC);valide
DA;DA909-916.8;General;;;DA;Ancien plan réduit (LCC);valide
D;D279-280.5;War of the Grand Alliance, 1688-1697;;;D;Ancien plan réduit (LCC);valide
DA;DA774.8-826;By period;;;DA;Ancien plan réduit (LCC);valide
DA;DA566-592;20th century;;;DA;Ancien plan réduit (LCC);valide
DA;DA783.2-783.45;War of Independence, 1285-1371;;;DA;Ancien plan réduit (LCC);valide
DA;DA949.5;The Union, 1800;;;DA;Ancien plan réduit (LCC);valide
DA;DA938-966.2;Modern, 1603-;;;DA;Ancien plan réduit (LCC);valide
D;D175-195;Latin Kingdom of Jerusalem.  Latin Orient, 1099-1291;;;D;Ancien plan réduit (LCC);valide
D;D351-400;19th century.  1801-1914/1920;;;D;Ancien plan réduit (LCC);valide
GN;GN301-674;Ethnology.  Social and cultural anthropology;;;GN;Ancien plan réduit (LCC);valide
GN;GN280.7;Man as an animal.  Simian traits versus human traits;;;GN;Ancien plan réduit (LCC);valide
GN;GN700-890;Prehistoric archaeology;;;GN;Ancien plan réduit (LCC);valide
GN;GN495.4-498;Societal groups, ethnocentrism, diplomacy, warfare, etc.;;;GN;Ancien plan réduit (LCC);valide
GN;GN397-397.7;Applied anthropology;;;GN;Ancien plan réduit (LCC);valide
GN;GN492-495.2;Political organization.  Political anthropology;;;GN;Ancien plan réduit (LCC);valide
GN;GN282-286.7;Fossil man.  Human paleontology;;;GN;Ancien plan réduit (LCC);valide
GN;GN269-279;Race (General);;;GN;Ancien plan réduit (LCC);valide
GN;GN296-296.5;Medical anthropology;;;GN;Ancien plan réduit (LCC);valide
GN;GN478-491.7;Social organization;;;GN;Ancien plan réduit (LCC);valide
GN;GN537-674;Ethnic groups and races;;;GN;Ancien plan réduit (LCC);valide
GN;GN502-517;Psychological anthropology;;;GN;Ancien plan réduit (LCC);valide
GN;GN451-477.7;Intellectual life;;;GN;Ancien plan réduit (LCC);valide
GN;GN406-517;Cultural traits, customs, and institutions;;;GN;Ancien plan réduit (LCC);valide
GN;GN550-674;By region or country;;;GN;Ancien plan réduit (LCC);valide
GN;GN357-367;Culture and cultural processes;;;GN;Ancien plan réduit (LCC);valide
GN;GN378-396;Collected ethnographies;;;GN;Ancien plan réduit (LCC);valide
GN;GN281-289;Human evolution;;;GN;Ancien plan réduit (LCC);valide
GN;GN51-59;Anthropometry;;;GN;Ancien plan réduit (LCC);valide
GN;GN406-442;Technology.  Material culture;;;GN;Ancien plan réduit (LCC);valide
GN;GN49-298;Physical anthropology.  Somatology;;;GN;Ancien plan réduit (LCC);valide
GN;GN448-450.8;Economic organization.  Economic anthropology;;;GN;Ancien plan réduit (LCC);valide
GN;GN1-890;Anthropology;;;GN;Ancien plan réduit (LCC);valide
GN;GN62.8-265;Human variation;;;GN;Ancien plan réduit (LCC);valide
N;N;Fine Arts;;;N;Ancien plan réduit (LCC);valide
NE;NE2800-2880;Printing of engravings;;;NE;Ancien plan réduit (LCC);valide
NE;NE830-898;General works;;;NE;Ancien plan réduit (LCC);valide
ND;ND25-3416;Painting;;;ND;Ancien plan réduit (LCC);valide
NE;NE1980-2055.5;History;;;NE;Ancien plan réduit (LCC);valide
NX;NX280-410;Study and teaching.  Research;;;NX;Ancien plan réduit (LCC);valide
N;N4390-5098;Exhibitions;;;N;Ancien plan réduit (LCC);valide
NE;NE1000-1027;General;;;NE;Ancien plan réduit (LCC);valide
NE;NE965-965.3;Tradesmen's cards;;;NE;Ancien plan réduit (LCC);valide
NE;NE3000-3002;Copying art.  Copying machine art;;;NE;Ancien plan réduit (LCC);valide
NX;NX650-694;Special subjects, characters, persons, religious arts, etc.;;;NX;Ancien plan réduit (LCC);valide
ND;ND1115-1120;Study and teaching;;;ND;Ancien plan réduit (LCC);valide
ND;ND1340-1367;Landscape painting;;;ND;Ancien plan réduit (LCC);valide
NE;NE977-978;Equipment;;;NE;Ancien plan réduit (LCC);valide
NE;NE1350-1352;Other materials used in relief printing;;;NE;Ancien plan réduit (LCC);valide
ND;ND25-(48);General;;;ND;Ancien plan réduit (LCC);valide
N;N8510-8553;Art studios, materials, etc.;;;N;Ancien plan réduit (LCC);valide
;NA2335-2360;Competitions;;;;Ancien plan réduit (LCC);valide
NC;NC1920-1940;Copying, enlarging, and reduction of drawings;;;NC;Ancien plan réduit (LCC);valide
;NA4100-8480;Special classes of buildings;;;;Ancien plan réduit (LCC);valide
N;N5300-7418;History;;;N;Ancien plan réduit (LCC);valide
NX;NX775-777;Voluntarism in the arts;;;NX;Ancien plan réduit (LCC);valide
ND;ND1470-1625;Technique and materials;;;ND;Ancien plan réduit (LCC);valide
;NA1995;Architecture as a profession;;;;Ancien plan réduit (LCC);valide
N;N8600-8675;Economics of art;;;N;Ancien plan réduit (LCC);valide
N;N8350-8356;Art as a profession.  Artists;;;N;Ancien plan réduit (LCC);valide
NC;NC673-677;Competitions;;;NC;Ancien plan réduit (LCC);valide
NX;NX760-770;Administration of the arts;;;NX;Ancien plan réduit (LCC);valide
NE;NE390-395;Collected works;;;NE;Ancien plan réduit (LCC);valide
;NA2835-4050;Details and decoration;;;;Ancien plan réduit (LCC);valide
NE;NE1-90;General;;;NE;Ancien plan réduit (LCC);valide
NC;NC1280-1284;Printed ephemera.  Imagerie populaire;;;NC;Ancien plan réduit (LCC);valide
;NA4590-5621;Religious architecture;;;;Ancien plan réduit (LCC);valide
;NA190-1555.5;History;;;;Ancien plan réduit (LCC);valide
NE;NE1330-1336;Linoleum block prints;;;NE;Ancien plan réduit (LCC);valide
NE;NE1000-1352;Wood engraving;;;NE;Ancien plan réduit (LCC);valide
N;N81-390;Study and teaching.  Research;;;N;Ancien plan réduit (LCC);valide
NE;NE400-773;History of printmaking;;;NE;Ancien plan réduit (LCC);valide
ND;ND1410-1460;Other subjects;;;ND;Ancien plan réduit (LCC);valide
NE;NE1400-1422;General;;;NE;Ancien plan réduit (LCC);valide
;NA 2599.5-2599.9;Architectural criticism;;;;Ancien plan réduit (LCC);valide
NE;NE1-3002;Print media;;;NE;Ancien plan réduit (LCC);valide
NE;NE2120-2140;General works;;;NE;Ancien plan réduit (LCC);valide
NE;NE1620-1630;General works;;;NE;Ancien plan réduit (LCC);valide
NC;NC1-1940;Drawing.  Design.  Illustration;;;NC;Ancien plan réduit (LCC);valide
;NA7100-7884;Domestic architecture.  Houses.  Dwellings;;;;Ancien plan réduit (LCC);valide
NE;NE1940-1975;General;;;NE;Ancien plan réduit (LCC);valide
ND;ND1400-1403;Flowers.  Fruit.  Trees;;;ND;Ancien plan réduit (LCC);valide
NC;NC930;Conservation and restoration of drawings;;;NC;Ancien plan réduit (LCC);valide
NE;NE1400-1879;Metal engraving;;;NE;Ancien plan réduit (LCC);valide
NE;NE1030-1196.3;History;;;NE;Ancien plan réduit (LCC);valide
ND;ND2889-3416;Illuminating of manuscripts and books;;;ND;Ancien plan réduit (LCC);valide
NX;NX420-430;Exhibitions;;;NX;Ancien plan réduit (LCC);valide
ND;ND2550-2733;Mural painting;;;ND;Ancien plan réduit (LCC);valide
N;N1-(9211);Visual arts;;;N;Ancien plan réduit (LCC);valide
ND;ND1130-1156;General works;;;ND;Ancien plan réduit (LCC);valide
NE;NE2250-2570;Lithography;;;NE;Ancien plan réduit (LCC);valide
;NA2500-2599;General works;;;;Ancien plan réduit (LCC);valide
ND;ND1300-1337;Portraits;;;ND;Ancien plan réduit (LCC);valide
NE;NE1340;Fish prints;;;NE;Ancien plan réduit (LCC);valide
;NA9000-9428;Aesthetics of cities.  City planning and beautifying;;;;Ancien plan réduit (LCC);valide
NE;NE2141-2149;Special subjects;;;NE;Ancien plan réduit (LCC);valide
NE;NE1940-2232.5;Etching and aquatint;;;NE;Ancien plan réduit (LCC);valide
;NA7910-8125;Clubhouses, guild houses, etc.;;;;Ancien plan réduit (LCC);valide
;NA1-9428;Architecture;;;;Ancien plan réduit (LCC);valide
N;N8554-8585;Examination and conservation of works of art;;;N;Ancien plan réduit (LCC);valide
ND;ND1700-2495;Watercolor painting;;;ND;Ancien plan réduit (LCC);valide
;NA2400-2460;Museums.  Exhibitions;;;;Ancien plan réduit (LCC);valide
;NA8300-8480;Outbuildings, gates, fences, etc.;;;;Ancien plan réduit (LCC);valide
ND;ND1370-1375;Marine painting;;;ND;Ancien plan réduit (LCC);valide
NX;NX411-415;Competitions;;;NX;Ancien plan réduit (LCC);valide
NC;NC1300-1766;Pictorial humor, caricature, etc.;;;NC;Ancien plan réduit (LCC);valide
ND;ND1288-1460;Special subjects;;;ND;Ancien plan réduit (LCC);valide
NE;NE2220-2225;Dry point;;;NE;Ancien plan réduit (LCC);valide
;NA4100-4145;Classed by material;;;;Ancien plan réduit (LCC);valide
NC;NC730-758;Technique;;;NC;Ancien plan réduit (LCC);valide
ND;ND1290-1293;Human figure;;;ND;Ancien plan réduit (LCC);valide
N;N7560-8266;Special subjects of art;;;N;Ancien plan réduit (LCC);valide
NC;NC390-670;Study and teaching;;;NC;Ancien plan réduit (LCC);valide
;NA4150-4160;Classed by form;;;;Ancien plan réduit (LCC);valide
;NA8200-8260;Farm architecture;;;;Ancien plan réduit (LCC);valide
NX;NX798-820;Arts centers and facilitiesLIBRARY OF CONGRESS CLASSIFICATION OUTLINE;;;NX;Ancien plan réduit (LCC);valide
NE;NE951-962;Special subjects;;;NE;Ancien plan réduit (LCC);valide
ND;ND1390-1393;Still life;;;ND;Ancien plan réduit (LCC);valide
NX;NX700-750;Patronage of the arts;;;NX;Ancien plan réduit (LCC);valide
;NA1-60;General;;;;Ancien plan réduit (LCC);valide
NE;NE1-978;Printmaking and engraving;;;NE;Ancien plan réduit (LCC);valide
N;N7420-7525.8;General works;;;N;Ancien plan réduit (LCC);valide
NE;NE975-975.4;Competitions;;;NE;Ancien plan réduit (LCC);valide
NE;NE1310-1326.5;Japanese prints;;;NE;Ancien plan réduit (LCC);valide
N;N5198-5299;Private collections and collectors;;;N;Ancien plan réduit (LCC);valide
NE;NE1220-1233;General works;;;NE;Ancien plan réduit (LCC);valide
NE;NE2236-2240.6;Serigraphy;;;NE;Ancien plan réduit (LCC);valide
NE;NE1344-1345;Potato prints;;;NE;Ancien plan réduit (LCC);valide
NC;NC845-915;Graphic art materials;;;NC;Ancien plan réduit (LCC);valide
N;N61-72;Theory.  Philosophy.  Aesthetics of the visual arts;;;N;Ancien plan réduit (LCC);valide
NC;NC1860-1896;Greeting cards, postcards, invitations, book jackets, etc.;;;NC;Ancien plan réduit (LCC);valide
ND;ND1380-1383;Animals.  Birds;;;ND;Ancien plan réduit (LCC);valide
NC;NC50-266;History of drawing;;;NC;Ancien plan réduit (LCC);valide
ND;ND1385-1388;Sports.  Hunting, fishing, etc.;;;ND;Ancien plan réduit (LCC);valide
NE;NE1850-1879;Color prints;;;NE;Ancien plan réduit (LCC);valide
NE;NE1634-1749;History;;;NE;Ancien plan réduit (LCC);valide
NE;NE380;Conservation and restoration of prints;;;NE;Ancien plan réduit (LCC);valide
NC;NC703-725;General works;;;NC;Ancien plan réduit (LCC);valide
NE;NE 218-(330);Engraved portraits.  Self-portraits;;;NE;Ancien plan réduit (LCC);valide
N;N400-3990;Art museums, galleries, etc.;;;N;Ancien plan réduit (LCC);valide
NC;NC1-45;General;;;NC;Ancien plan réduit (LCC);valide
;NA4170-8480;Classed by use;;;;Ancien plan réduit (LCC);valide
NC;NC1800-1850;Posters;;;NC;Ancien plan réduit (LCC);valide
ND;ND49-813;History;;;ND;Ancien plan réduit (LCC);valide
NX;NX440-632;History of the arts;;;NX;Ancien plan réduit (LCC);valide
NC;NC760-825;Special subjects;;;NC;Ancien plan réduit (LCC);valide
N;N8700-9165;Art and the state.  Public art;;;N;Ancien plan réduit (LCC);valide
NE;NE970-973;Study and teaching;;;NE;Ancien plan réduit (LCC);valide
NX;NX1-260;General;;;NX;Ancien plan réduit (LCC);valide
NX;NX1-820;Arts in general;;;NX;Ancien plan réduit (LCC);valide
NE;NE2690;Engraving on glass;;;NE;Ancien plan réduit (LCC);valide
NC;NC950-(996);Illustration;;;NC;Ancien plan réduit (LCC);valide
NC;NC997-1003;Commercial art.  Advertising art;;;NC;Ancien plan réduit (LCC);valide
;NA2695-2793;Architectural drawing and design;;;;Ancien plan réduit (LCC);valide
N;N1-58;General;;;N;Ancien plan réduit (LCC);valide
NE;NE2242-2246;Monotype (Printmaking);;;NE;Ancien plan réduit (LCC);valide
ND;ND1630-1662;Examination and conservation of paintings;;;ND;Ancien plan réduit (LCC);valide
NE;NE1750-1775;Copper engraving;;;NE;Ancien plan réduit (LCC);valide
;NA100-130;Architecture and the state;;;;Ancien plan réduit (LCC);valide
;NA2000-2320;Study and teaching.  Research;;;;Ancien plan réduit (LCC);valide
NE;NE2685-2685.8;Lumiprints;;;NE;Ancien plan réduit (LCC);valide
;NA4170-(7020);Public buildings;;;;Ancien plan réduit (LCC);valide
PN;PN4071-4095;Study and teaching;;;PN;Ancien plan réduit (LCC);valide
PN;PN6361;Paradoxes;;;PN;Ancien plan réduit (LCC);valide
PN;PN2152-2160;Medieval;;;PN;Ancien plan réduit (LCC);valide
PN;PN4699-5650;Journalism.  The periodical press, etc.;;;PN;Ancien plan réduit (LCC);valide
PN;PN4199-4321;Recitations (in English);;;PN;Ancien plan réduit (LCC);valide
PN;PN1560-1590;The performing arts.  Show business;;;PN;Ancien plan réduit (LCC);valide
PN;PN6244-6246;Literary extracts.  Commonplace books;;;PN;Ancien plan réduit (LCC);valide
PN;PN1065-1085;Relations to, and treatment of, special subjects;;;PN;Ancien plan réduit (LCC);valide
PN;PN980-995;Fables;;;PN;Ancien plan réduit (LCC);valide
PN;PN1551;The dialogue;;;PN;Ancien plan réduit (LCC);valide
PN;PN6141-6145;Essays;;;PN;Ancien plan réduit (LCC);valide
PN;PN6130-6140;Letters;;;PN;Ancien plan réduit (LCC);valide
PN;PN3427-3448;Special kinds of fiction.  Fiction genres;;;PN;Ancien plan réduit (LCC);valide
PN;PN1990-1992.92;Broadcasting;;;PN;Ancien plan réduit (LCC);valide
PN;PN6700-6790;Comic books, strips, etc.;;;PN;Ancien plan réduit (LCC);valide
PN;PN241-241.5;Translating as a literary pursuit;;;PN;Ancien plan réduit (LCC);valide
PN;PN6110.5-6120;Drama;;;PN;Ancien plan réduit (LCC);valide
PN;PN3311-3503;Prose.  Prose fiction;;;PN;Ancien plan réduit (LCC);valide
PN;PN6299-6308;Maxims;;;PN;Ancien plan réduit (LCC);valide
PN;PN695-779;Modern;;;PN;Ancien plan réduit (LCC);valide
PN;PN2131-2193;By period;;;PN;Ancien plan réduit (LCC);valide
PN;PN2085-2091;The stage and accessories;;;PN;Ancien plan réduit (LCC);valide
PN;PN6233-6238;Anacreontic literature;;;PN;Ancien plan réduit (LCC);valide
PN;PN6269-6278;Aphorisms.  Apothegms;;;PN;Ancien plan réduit (LCC);valide
PN;PN6348.5-6358;Emblems, devices;;;PN;Ancien plan réduit (LCC);valide
PN;PN6319-6328;Sayings, bon mots, etc.;;;PN;Ancien plan réduit (LCC);valide
PN;PN4400;Letters (Literary history);;;PN;Ancien plan réduit (LCC);valide
PN;PN1992-1992.92;Television broadcasts;;;PN;Ancien plan réduit (LCC);valide
PN;PN6099-6110;Poetry;;;PN;Ancien plan réduit (LCC);valide
PN;PN2171-2179;Renaissance;;;PN;Ancien plan réduit (LCC);valide
PN;PN6288.5-6298;Epitaphs;;;PN;Ancien plan réduit (LCC);valide
PN;PN101-245;Authorship;;;PN;Ancien plan réduit (LCC);valide
PN;PN661-694;Medieval (to 1500);;;PN;Ancien plan réduit (LCC);valide
PN;PN6080-6095;Quotations;;;PN;Ancien plan réduit (LCC);valide
PN;PN6146.5-6231;Wit and humor;;;PN;Ancien plan réduit (LCC);valide
PN;PN6400-6525;Proverbs;;;PN;Ancien plan réduit (LCC);valide
PN;PN2131-2145;Ancient;;;PN;Ancien plan réduit (LCC);valide
PN;PN5650;The Jewish press;;;PN;Ancien plan réduit (LCC);valide
PN;PN451-497;Biography;;;PN;Ancien plan réduit (LCC);valide
PN;PN4775-4784;Technique.  Practical journalism;;;PN;Ancien plan réduit (LCC);valide
PN;PN6249-6258;Ana;;;PN;Ancien plan réduit (LCC);valide
PN;PN4500;Essays (Literary history);;;PN;Ancien plan réduit (LCC);valide
PN;PN45-57;Theory.  Philosophy.  Esthetics;;;PN;Ancien plan réduit (LCC);valide
PN;PN6121-6129;Orations;;;PN;Ancien plan réduit (LCC);valide
PN;PN1660-1693;Technique of dramatic composition;;;PN;Ancien plan réduit (LCC);valide
PN;PN6366-6377;Riddles, acrostics, charades, conundrums, etc.;;;PN;Ancien plan réduit (LCC);valide
PN;PN59-72;Study and teaching;;;PN;Ancien plan réduit (LCC);valide
PN;PN688-691;Poetry;;;PN;Ancien plan réduit (LCC);valide
PN;PN1991-1991.9;Radio broadcasts;;;PN;Ancien plan réduit (LCC);valide
PN;PN2000-3307;Dramatic representation.  The theater;;;PN;Ancien plan réduit (LCC);valide
PN;PN2219.3-3030;Special regions or countries;;;PN;Ancien plan réduit (LCC);valide
PN;PN6279-6288;Epigrams;;;PN;Ancien plan réduit (LCC);valide
PN;PN4735-4748;Relation to the state.  Government and the press.  Liberty of the;;;PN;Ancien plan réduit (LCC);valide
PN;PN1635-1650;Relation to, and treatment of, special subjects;;;PN;Ancien plan réduit (LCC);valide
PN;PN6157-6222;By region or country;;;PN;Ancien plan réduit (LCC);valide
PN;PN6090-6110;German;;;PN;Ancien plan réduit (LCC);valide
PN;PN4832-4836;Magazines and other periodicals;;;PN;Ancien plan réduit (LCC);valide
PN;PN4001-4355;Oratory.  Elocution, etc.;;;PN;Ancien plan réduit (LCC);valide
PN;PN851-(884);Comparative literature;;;PN;Ancien plan réduit (LCC);valide
PN;PN1997-1997.85;Plays, scenarios, etc.;;;PN;Ancien plan réduit (LCC);valide
PN;PN172-239;Technique.  Literary composition, etc.;;;PN;Ancien plan réduit (LCC);valide
PN;PN1530;The monologue;;;PN;Ancien plan réduit (LCC);valide
PN;PN1993-1999;Motion pictures;;;PN;Ancien plan réduit (LCC);valide
PN;PN2061-2071;Art of acting;;;PN;Ancien plan réduit (LCC);valide
PN;PN1341-1347;Folk poetry;;;PN;Ancien plan réduit (LCC);valide
PN;PN4840-5648;By region or country;;;PN;Ancien plan réduit (LCC);valide
PN;PN4825-4830;Amateur journalism;;;PN;Ancien plan réduit (LCC);valide
PN;PN1-9;Periodicals;;;PN;Ancien plan réduit (LCC);valide
PN;PN1600-3307;Drama;;;PN;Ancien plan réduit (LCC);valide
PN;PN692-693;Prose.  Prose fiction;;;PN;Ancien plan réduit (LCC);valide
PN;PN1031-1049;Theory, philosophy, relations, etc.;;;PN;Ancien plan réduit (LCC);valide
PN;PN1-6790;Literature (General);;;PN;Ancien plan réduit (LCC);valide
PN;PN3035;The Jewish theater;;;PN;Ancien plan réduit (LCC);valide
PN;PN3329-3352;Philosophy, theory, etc.;;;PN;Ancien plan réduit (LCC);valide
PN;PN2181-2193;Modern;;;PN;Ancien plan réduit (LCC);valide
PN;PN6329-6338;Thoughts;;;PN;Ancien plan réduit (LCC);valide
PN;PN842;Jewish literature in various languages;;;PN;Ancien plan réduit (LCC);valide
PN;PN1301-1333;Epic poetry;;;PN;Ancien plan réduit (LCC);valide
PN;PN3451-3503;History;;;PN;Ancien plan réduit (LCC);valide
PN;PN1992.93-19 92.95;Nonbroadcast video recordings;;;PN;Ancien plan réduit (LCC);valide
PN;PN715-749;Renaissance (1500-1700);;;PN;Ancien plan réduit (LCC);valide
PN;PN1720-1861;History;;;PN;Ancien plan réduit (LCC);valide
PN;PN500-519;Collections;;;PN;Ancien plan réduit (LCC);valide
PN;PN6010-6790;Collections of general literature;;;PN;Ancien plan réduit (LCC);valide
PN;PN6259-6268;Anecdotes.  Table talk;;;PN;Ancien plan réduit (LCC);valide
PN;PN6309-6318;Mottoes;;;PN;Ancien plan réduit (LCC);valide
PN;PN1351-1389;Lyric poetry;;;PN;Ancien plan réduit (LCC);valide
PN;PN1008.2-1009.5;Juvenile literature;;;PN;Ancien plan réduit (LCC);valide
PN;PN3203-3299;"Tableaux, pageants, ""Happenings,"" etc.";;;PN;Ancien plan réduit (LCC);valide
PN;PN4390;Diaries;;;PN;Ancien plan réduit (LCC);valide
PN;PN683-687;Legends;;;PN;Ancien plan réduit (LCC);valide
PN;PN6066-6069;Special classes of authors;;;PN;Ancien plan réduit (LCC);valide
PN;PN(905)-1008;Folk literature;;;PN;Ancien plan réduit (LCC);valide
PN;PN611-649;Ancient;;;PN;Ancien plan réduit (LCC);valide
PN;PN821-840;Germanic literature;;;PN;Ancien plan réduit (LCC);valide
PN;PN610-779;By period;;;PN;Ancien plan réduit (LCC);valide
PN;PN441-1009.5;Literary history;;;PN;Ancien plan réduit (LCC);valide
PN;PN1865-1988;Special types;;;PN;Ancien plan réduit (LCC);valide
PN;PN3355-3383;Technique.  Authorship;;;PN;Ancien plan réduit (LCC);valide
PN;PN1010-1525;Poetry;;;PN;Ancien plan réduit (LCC);valide
PN;PN80-99;Criticism;;;PN;Ancien plan réduit (LCC);valide
PN;PN801-820;Romance literature;;;PN;Ancien plan réduit (LCC);valide
PN;PN6120.15-6120.95;Fiction;;;PN;Ancien plan réduit (LCC);valide
PN;PN841;Black literature (General);;;PN;Ancien plan réduit (LCC);valide
PN;PN4331-4355;Recitations in foreign languages;;;PN;Ancien plan réduit (LCC);valide
PN;PN20-30;Societies;;;PN;Ancien plan réduit (LCC);valide
PN;PN3175-3191;College and school theatricals;;;PN;Ancien plan réduit (LCC);valide
PN;PN4177-4191;Debating;;;PN;Ancien plan réduit (LCC);valide
PN;PN3151-3171;Amateur theater;;;PN;Ancien plan réduit (LCC);valide
PN;PN6081-6084;English;;;PN;Ancien plan réduit (LCC);valide
PN;PN6086-6089;French;;;PN;Ancien plan réduit (LCC);valide
PN;PN1585-1589;Centers for the performing arts;;;PN;Ancien plan réduit (LCC);valide
PN;PN1110-1279;History and criticism;;;PN;Ancien plan réduit (LCC);valide
PN;PN6340-6348;Toasts;;;PN;Ancien plan réduit (LCC);valide
PN;PN597-605;Special relations, movements, and currents of literature;;;PN;Ancien plan réduit (LCC);valide
SB;SB450.9-467.8;Gardens and gardening;;;SB;Ancien plan réduit (LCC);valide
SB;SB125;Training and pruning;;;SB;Ancien plan réduit (LCC);valide
SB;SB406.7-406.83;Plant propagation;;;SB;Ancien plan réduit (LCC);valide
SB;SB109.7-111;Methods for special areas;;;SB;Ancien plan réduit (LCC);valide
SB;SB617-618;Poisonous plants;;;SB;Ancien plan réduit (LCC);valide
SB;SB118.48-118.75;Nurseries.  Nursery industry;;;SB;Ancien plan réduit (LCC);valide
SB;SB317.5-319.864;Horticulture.  Horticultural crops;;;SB;Ancien plan réduit (LCC);valide
SB;SB442.8-443.4;Marketing.  Cut flower industry.  Florists;;;SB;Ancien plan réduit (LCC);valide
SB;SB113.2-118.46;Seeds.  Seed technology;;;SB;Ancien plan réduit (LCC);valide
SB;SB608;Individual or types of plants or trees;;;SB;Ancien plan réduit (LCC);valide
SB;SB414;Forcing;;;SB;Ancien plan réduit (LCC);valide
SB;SB992-998;Economic zoology applied to crops.  Agricultural zoology;;;SB;Ancien plan réduit (LCC);valide
SB;SB401;Nuts;;;SB;Ancien plan réduit (LCC);valide
SB;SB175-177;Food crops;;;SB;Ancien plan réduit (LCC);valide
SB;SB469-(476.4);Landscape gardening.  Landscape architecture;;;SB;Ancien plan réduit (LCC);valide
SB;SB381-386;Berries and small fruits;;;SB;Ancien plan réduit (LCC);valide
SB;SB169-172.5;Tree crops;;;SB;Ancien plan réduit (LCC);valide
SB;SB126.5-126.57;Hydroponics.  Soilless agriculture;;;SB;Ancien plan réduit (LCC);valide
SB;SB950-990.5;Pest control and treatment of diseases.  Plant protection;;;SB;Ancien plan réduit (LCC);valide
SB;SB442.5;Care and preparation of cut flowers and ornamental plants for;;;SB;Ancien plan réduit (LCC);valide
SB;SB354-402;Fruit and fruit culture;;;SB;Ancien plan réduit (LCC);valide
SB;SB129-130;Harvesting, curing, storage;;;SB;Ancien plan réduit (LCC);valide
SB;SB447;Preservation and reproduction of flowers, fruits, etc.;;;SB;Ancien plan réduit (LCC);valide
SB;SB107-109;Economic botany;;;SB;Ancien plan réduit (LCC);valide
SB;SB481-486;Parks and public reservations;;;SB;Ancien plan réduit (LCC);valide
SB;SB403-450.87;Flowers and flower culture.  Ornamental plants;;;SB;Ancien plan réduit (LCC);valide
SB;SB818-945;Economic entomology;;;SB;Ancien plan réduit (LCC);valide
SB;SB979.5-985;Inspection.  Quarantine;;;SB;Ancien plan réduit (LCC);valide
SB;SB1-1110;Plant culture;;;SB;Ancien plan réduit (LCC);valide
SB;SB409-413;Culture of individual plants;;;SB;Ancien plan réduit (LCC);valide
SB;SB183-317;Field crops;;;SB;Ancien plan réduit (LCC);valide
SB;SB418-418.4;Container gardening;;;SB;Ancien plan réduit (LCC);valide
SB;SB320-353.5;Vegetables;;;SB;Ancien plan réduit (LCC);valide
SB;SB419-419.3;Indoor gardening and houseplants;;;SB;Ancien plan réduit (LCC);valide
SB;SB449-450.87;Flower arrangement and decoration;;;SB;Ancien plan réduit (LCC);valide
SB;SB446-446.6;Horticultural service industry;;;SB;Ancien plan réduit (LCC);valide
SB;SB441-441.75;Flower shows.  Exhibitions;;;SB;Ancien plan réduit (LCC);valide
SB;SB421-439.8;Classes of plants;;;SB;Ancien plan réduit (LCC);valide
SB;SB973-973.5;Soil disinfection;;;SB;Ancien plan réduit (LCC);valide
SB;SB599-990.5;Pests and diseases;;;SB;Ancien plan réduit (LCC);valide
SB;SB112;Irrigation farming;;;SB;Ancien plan réduit (LCC);valide
SB;SB414.6-417;Greenhouses and greenhouse culture;;;SB;Ancien plan réduit (LCC);valide
SB;SB387-399;Grape culture.  Viticulture;;;SB;Ancien plan réduit (LCC);valide
SB;SB950.9-970.4;Pesticides;;;SB;Ancien plan réduit (LCC);valide
SB;SB39;Horticultural voyages, etc.;;;SB;Ancien plan réduit (LCC);valide
SB;SB128;Growth regulators;;;SB;Ancien plan réduit (LCC);valide
SB;SB974-978;Organic plant protection.  Biological control;;;SB;Ancien plan réduit (LCC);valide
SB;SB621-795;Plant pathology;;;SB;Ancien plan réduit (LCC);valide
SB;SB419.5;Roof gardening.  Balcony gardening;;;SB;Ancien plan réduit (LCC);valide
SB;SB127;Forcing;;;SB;Ancien plan réduit (LCC);valide
SB;SB126;Artificial light gardening;;;SB;Ancien plan réduit (LCC);valide
SB;SB610-615;Weeds, parasitic plants, etc.;;;SB;Ancien plan réduit (LCC);valide
SB;SB119-124;Propagation;;;SB;Ancien plan réduit (LCC);valide
SB;SB447.5;Bonkei.  Tray landscapes;;;SB;Ancien plan réduit (LCC);valide
SB;SB71-87;History;;;SB;Ancien plan réduit (LCC);valide
TR;TR504-508;Transparencies.  Diapositives;;;TR;Ancien plan réduit (LCC);valide
TR;TR1-1050;Photography;;;TR;Ancien plan réduit (LCC);valide
TR;TR925-1050;Photomechanical processes;;;TR;Ancien plan réduit (LCC);valide
TR;TR250-265;Cameras;;;TR;Ancien plan réduit (LCC);valide
TR;TR287-500;Photographic processing.  Darkroom technique;;;TR;Ancien plan réduit (LCC);valide
TR;TR550-581;Studio and laboratory;;;TR;Ancien plan réduit (LCC);valide
TR;TR590-620;Lighting;;;TR;Ancien plan réduit (LCC);valide
TR;TR845-899;Cinematography.  Motion pictures;;;TR;Ancien plan réduit (LCC);valide
TR;TR624-835;Applied photography;;;TR;Ancien plan réduit (LCC);valide
TR;TR510-545;Color photography;;;TR;Ancien plan réduit (LCC);valide
NK;NK600;Histoire des arts décoratifs généralités;;;NK;BM'O - Objets d'art;valide
NK;NK775;Histoire des arts décoratifs, 19e;;;NK;BM'O - Objets d'art;valide
NK;NK775.5.A-Z;Histoire des arts décoratifs, 19e, styles particuliers;;;NK;BM'O - Objets d'art;valide
NK;NK775.5.A7;Histoire de l'Art nouveau;;;NK;BM'O - Objets d'art;valide
NK;NK789;Histoire des Arts décoratifs, 20e;;;NK;BM'O - Objets d'art;valide
NK;NK801-1094.5;Histoire des Arts décoratifs par pays;Semble un peu superflu, à n'utiliser que si on n'a beaucoup d'ouvrages par pays. Lisez l'explication telle qu'elle figure dans la version papier de la branche N dans mon bureau, c'est expliqué mais c'est technique;;NK;BM'O - Objets d'art;valide
NK;NK1105;Arts décoratifs après 1800 généralités (techniques, restauration etc.);Pour les ouvrages qui ne sont pas des ouvrages d'histoire des arts déco (qui vont en NK600). Vérifier si ça ne fait pas doublon;;NK;BM'O - Objets d'art;valide
NK;NK1133.2.A-Z;Arts décoratifs : catalogues de vente;;;NK;BM'O - Objets d'art;valide
NK;NK1133.25;Biographies d'artisan, individuelle ou collective;Regrouper les individuels et les sociétés;;NK;BM'O - Objets d'art;valide
NK;NK1133.28;Entreprises;;;NK;BM'O - Objets d'art;valide
NK;NK1133;Arts décoratifs : catalogues commerciaux;Par entreprise, mais voir si on les réintègre en fonds de catalogues commerciaux avec Q. Les mettre de côté pour le moment;;NK;BM'O - Objets d'art;valide
NK;NK1145;Arts and crafts;;;NK;BM'O - Objets d'art;valide
NK;NK1175;Ornementation, design;;;NK;BM'O - Objets d'art;valide
NK;NK1370;Ornementation, design, 19e;;;NK;BM'O - Objets d'art;valide
NK;NK1380;Ornementation design art nouveau;;;NK;BM'O - Objets d'art;valide
NK;NK1382.A-Z;Ornementation design courants particuliers;Si nombre d'ouvrages significatif sinon NK1370 pour la période ou NK 1175 toutes périodes confondues;;NK;BM'O - Objets d'art;valide
NK;NK1648;Arts décoratifs religieux;;;NK;BM'O - Objets d'art;valide
NK;NK1720;Décoration d'intérieur;;;NK;BM'O - Objets d'art;valide
NK;NK1960;Décoration d'intérieur 19e;;;NK;BM'O - Objets d'art;valide
NK;NK2115.5.A-Z;Eléments particuliers de la décoration d'intérieur (voir table);;;NK;BM'O - Objets d'art;valide
NK;NK2115.5.L5;Éclairages, appareils d'éclairage;;;NK;BM'O - Objets d'art;valide
NK;NK2205;Encyclopédies, dictionnaires et autres usuels;;;NK;BM'O - Objets d'art;valide
NK;NK2260;Mobilier : répertoire de motifs, design etc.;;;NK;BM'O - Objets d'art;valide
NK;NK2265;Mobilier : catalogues commerciaux (vérifier si on les met ici ou si on conserve tous les catalogues commerciaux ensemble);;;NK;BM'O - Objets d'art;valide
NK;NK2270;Mobilier : généralités;;;NK;BM'O - Objets d'art;valide
NK;NK2385;Mobilier 19e généralités;;;NK;BM'O - Objets d'art;valide
NK;NK2388;Mobilier 2nd Empire;;;NK;BM'O - Objets d'art;valide
NK;NK2392;Mobilier Art Nouveau;;;NK;BM'O - Objets d'art;valide
NK;NK2395;Mobilier 20e généralités;;;NK;BM'O - Objets d'art;valide
NK;NK2401-2694.5;Histoire du mobilier par pays;Semble un peu superflu, à n'utiliser que si on n'a beaucoup d'ouvrages par pays;;NK;BM'O - Objets d'art;valide
NK;NK2800;Tapis;;;NK;BM'O - Objets d'art;valide
NK;NK3000;Tapisseries et tentures (au mur);;;NK;BM'O - Objets d'art;valide
NK;NK3200;Tapisserie en siège. Draperie;;;NK;BM'O - Objets d'art;valide
NK;NK3395;Papiers peints;;;NK;BM'O - Objets d'art;valide
NK;NK3600;Alphabets, calligraphie;;;NK;BM'O - Objets d'art;valide
NK;NK3780;Céramique. Généralités;;;NK;BM'O - Objets d'art;valide
NK;NK3920;Céramique. 19e;;;NK;BM'O - Objets d'art;valide
NK;NK4700;Histoire du costume, de la mode et des accessoires généralités;;;NK;BM'O - Objets d'art;valide
NK;NK4709;Histoire du costume, de la mode et des accessoires époque moderne et 19e;;;NK;BM'O - Objets d'art;valide
NK;NK4710;Histoire du costume et des accessoires 20e;;;NK;BM'O - Objets d'art;valide
NK;NK4860;Objets d'art à porter (accessoires et objets d'art faisant partie du vestiaire, sauf bijoux : parapluies, cannes etc.);;;NK;BM'O - Objets d'art;valide
NK;NK4870;Eventails;;;NK;BM'O - Objets d'art;valide
NK;NK4890.A-Z;Objets d'art à porter, par article (voir table);;;NK;BM'O - Objets d'art;valide
NK;NK4894;Poupées et maisons de poupée;;;NK;BM'O - Objets d'art;valide
NK;NK5000;Émail, généralités;;;NK;BM'O - Objets d'art;valide
NK;NK5100;Art verrier;;;NK;BM'O - Objets d'art;valide
NK;NK5109;Art verrier, période moderne et 19e;;;NK;BM'O - Objets d'art;valide
NK;NK5500;Glyptique et pierres précieuses;;;NK;BM'O - Objets d'art;valide
NK;NK6200;Cuir;;;NK;BM'O - Objets d'art;valide
NK;NK6400;Arts du métal;;;NK;BM'O - Objets d'art;valide
NK;NK6600;Armes et armures;;;NK;BM'O - Objets d'art;valide
NK;NK7100;Orfevrerie;;;NK;BM'O - Objets d'art;valide
NK;NK7109;Orfèvrerie, période moderne et 19e;;;NK;BM'O - Objets d'art;valide
NK;NK7300;Bijouterie;;;NK;BM'O - Objets d'art;valide
NK;NK7309;Bijouterie, période moderne et 19e;;;NK;BM'O - Objets d'art;valide
NK;NK7500;Horlogerie;;;NK;BM'O - Objets d'art;valide
NK;NK7800;Cuivre et bronze;;;NK;BM'O - Objets d'art;valide
NK;NK8400;Dinanderie, étain, fer blanc;;;NK;BM'O - Objets d'art;valide
NK;NK8454;Jouets;;;NK;BM'O - Objets d'art;valide
NK;NK8470;Objets en miniature;;;NK;BM'O - Objets d'art;valide
NK;NK8700;Arts du marbre et de la pierre;;;NK;BM'O - Objets d'art;valide
NK;NK8725;Arts de la table;;;NK;BM'O - Objets d'art;valide
NK;NK8800;Arts du textile et broderie;;;NK;BM'O - Objets d'art;valide
NK;NK8900;Tissage et fabrication de tissu;;;NK;BM'O - Objets d'art;valide
NK;NK9990.A-Z;Autres techniques;;;NK;BM'O - Objets d'art;valide
NK;NK5300;Vitrail;Noté « 5306 > 5300 » dans le plan -- à confirmer;18;NK;BM'O - Objets d'art;suggestion
N;N8550;Cadres;;4;NK;BM'O - Objets d'art;suggestion
NK;NK8555;Papier-mâché;;2;NK;BM'O - Objets d'art;suggestion
NK;NK9600;Art du bois / menuiserie;;7;NK;BM'O - Objets d'art;suggestion
NK;NK9920;Marqueterie;;4;NK;BM'O - Objets d'art;suggestion
NB;NB60;Histoire de la sculpture - Généralités;;;NB;BM'O - Sculpture;valide
NB;NB134;Bronze, généralités;;;NB;BM'O - Sculpture;valide
NB;NB143;Monuments funéraires, tombeaux;;;NB;BM'O - Sculpture;valide
NB;NB145;Sculpture en terre cuite;;;NB;BM'O - Sculpture;valide
NB;NB163.A-Z;Représentation en sculpture d'un personnage mythologique particulier (voir table);;;NB;BM'O - Sculpture;valide
NB;NB165.A-Z;Représentation en sculpture d'un personnage historique (réel ou attesté) particulier (voir table);;;NB;BM'O - Sculpture;valide
NB;NB197;Sculpture au 19e siècle;;;NB;BM'O - Sculpture;valide
PN;PN33;Actes de congrès;;;P;BM'O - Littérature;valide
PN;PN41;Encyclopédies et dictionnaires;;;P;BM'O - Littérature;valide
PN;PN45;Théorie littéraire;;;P;BM'O - Littérature;valide
PN;PN53;Littérature et arts;;;P;BM'O - Littérature;valide
PN;PN58;Essais (littéraires);;;P;BM'O - Littérature;valide
PN;PN74;Biographies collectives (groupes d'auteurs);;;P;BM'O - Littérature;valide
PN;PN75;Biographies de critiques littéraires;Les biographies d'auteurs sont à classer à l'identifiant de l'auteur ou par littérature nationale;;P;BM'O - Littérature;valide
PN;PN81;Critique littéraire;Critique strictement littéraire (toutes formes, y compris poésie etc.). La critique artistique au sens large est à mettre en NX640;;P;BM'O - Littérature;valide
PN;PN441-1009;Histoire Littéraire;;;P;BM'O - Littérature;valide
PN;PN521;Histoire littéraire générale etc.;;;P;BM'O - Littérature;valide
PN;PN750;Histoire littéraire avant 1800;;;P;BM'O - Littérature;valide
PN;PN760;Histoire littéraire du XIXe siècle;Tous pays confondus;;P;BM'O - Littérature;valide
PN;PN770;Histoire littéraire du XXe siècle;;;P;BM'O - Littérature;valide
PN;PN810;Histoire littéraire : sujets spécifiques;;;P;BM'O - Littérature;valide
PN;PN1009;Littérature pour la jeunesse;;;P;BM'O - Littérature;valide
PN;PN1010;Poésie;;;P;BM'O - Littérature;valide
PN;PN1435;Satire;;;P;BM'O - Littérature;valide
PN;PN3433;Science-fiction et fantastique (textes);Cutter au nom de l'auteur;;P;BM'O - Littérature;valide
PN;PN3433.8;Science-fiction : histoire et ouvrages critiques;;;P;BM'O - Littérature;valide
PN;PN6700;bande dessinée (ouvrages théoriques portant sur);;;P;BM'O - Littérature;valide
PN;PN6747;Bande dessinée (ouvrages théoriques sur un seul artiste ou albums des artistes);Cutter au nom du dessinateur ou de l'auteur sur lequel porte l'ouvrage.;;P;BM'O - Littérature;valide
PQ;PQ41;Encyclopédies et dictionnaires de littérature française;;;P;BM'O - Littérature;valide
PQ;PQ45;Théorie de la littérature française en tant que discipline;;;P;BM'O - Littérature;valide
PQ;PQ71;Critique littéraire en France (y compris histoire de la critique);;;P;BM'O - Littérature;valide
PQ;PQ100;(Histoire de la)Littérature française - généralités;Toutes généralités en littérature française;;P;BM'O - Littérature;valide
PQ;PQ145;Histoire littéraire générale, sujets spécifiques;Uniquement les ouvrages d'histoire littéraire sans période définie (sinon classer en histoire littéraire 19e ou 20e);;P;BM'O - Littérature;valide
PQ;PQ146;Biographies collectives d'auteurs ou d'auteurs individuels sans cote;Pour des biographies collectives de membres d'un mouvement, d'un groupe ou pour les biographies d'auteurs littéraires n'ayant pas de cote dédiée | Renvoi : Cutter au nom du mouvement ou de la personne sur laquelle porte la biographie;;P;BM'O - Littérature;valide
PQ;PQ149;Femmes autrices;;;P;BM'O - Littérature;valide
PQ;PQ150;groupes d'auteurs spécifiques;Ouvrages portant sur des communautés ou catégories d'auteurs littéraires : auteurs identifiés par leur religion, auteurs issus des classes populaires etc.;;P;BM'O - Littérature;valide
PQ;PQ281;Histoire de la littérature française au 19e;;;P;BM'O - Littérature;valide
PQ;PQ295;Histoire litt. Française 19e siècle, sujets spécifiques;Placer au cutter du sujet, éviter les sujets trop nombreux et noter la liste des cutters validés, on peut y mettre les études de genres spécifiques (humour, satire etc.). Voir pour appliquer des cutters sur des sujets plus spécifiques;;P;BM'O - Littérature;valide
PQ;PQ305;Histoire de la littérature française au 20e;"Uniquement pour les ouvrages strictement sur le 20e et débordant de la période Orsay. Les ouvrages ""fin 19e début 20e"" sont à classer en PQ281";;P;BM'O - Littérature;valide
PQ;PQ401;Poésie;;;P;BM'O - Littérature;valide
PQ;PQ445;Chanson;Uniquement sur les aspects poétiques et littéraires, sinon classer en musique;;P;BM'O - Littérature;valide
PQ;PQ781;Littératures populaires;;;P;BM'O - Littérature;valide
PQ;PQ845;Littérature française jeunesse;;;P;BM'O - Littérature;valide
PQ;PQ1103;Anthologies et recueils de textes littéraires 19e;Y compris les recueils de correspondance;;P;BM'O - Littérature;valide
PQ;PQ1104;Anthologies et recueils de textes littéraires 20e;"Uniquement pour les ouvrages strictement sur le 20e et débordant de la période Orsay. Les anthologies ""fin 19e début 20e"" sont à classer en PQ1103";;P;BM'O - Littérature;valide
PQ;PQ2149;Œuvres anonymes et auteurs français avant 1900 non cotés;Les œuvres anonymes ont le cutter au titre, les auteurs non cotés sur envoyés au cutter de leur nom;;P;BM'O - Littérature;valide
PQ;PQ2600;Œuvres anonymes et auteurs français après 1900 non cotés;Les œuvres anonymes ont le cutter au titre, les auteurs non cotés sur envoyés au cutter de leur nom;;P;BM'O - Littérature;valide
PR;PR4000;Œuvres anonymes étrangères et auteurs étrangers non cotés avant 1900;Les œuvres anonymes ont le cutter au titre, les auteurs non cotés sur envoyés au cutter de leur nom;;P;BM'O - Littérature;valide
PR;PR6000;Œuvres anonymes étrangères et auteurs étrangers non cotés après 1900;Les œuvres anonymes ont le cutter au titre, les auteurs non cotés sur envoyés au cutter de leur nom;;P;BM'O - Littérature;valide
PQ;PQ295.H86;Histoire litt. française 19e, sujet spécifique : Humour;;3;P;BM'O - Littérature;valide
PQ;PQ295.R43;Histoire litt. française 19e, sujet spécifique : Realisme/ Naturalisme;;1;P;BM'O - Littérature;valide
PQ;PQ295.P37;Histoire litt. française 19e, sujet spécifique : Paris;;3;P;BM'O - Littérature;valide
PQ;PQ295.S96;Histoire litt. française 19e, sujet spécifique : Symbolisme;;8;P;BM'O - Littérature;valide
PQ;PQ295.D43;Histoire litt. française 19e, sujet spécifique : Décadentisme;;4;P;BM'O - Littérature;valide
PQ;PQ295.R66;Histoire litt. française 19e, sujet spécifique : Romantisme;;9;P;BM'O - Littérature;valide
PQ;PQ295.F46;Histoire litt. française 19e, sujet spécifique : Féminisme;;10;P;BM'O - Littérature;valide
PQ;PQ295.Q44;Histoire litt. française 19e, sujet spécifique : Queer;;5;P;BM'O - Littérature;valide
PQ;PQ295.M98;Histoire litt. française 19e, sujet spécifique : Folklore/mythologie;;1;P;BM'O - Littérature;valide
PQ;PQ295.C38;Histoire litt. française 19e, sujet spécifique : Catalogue de vente;;;P;BM'O - Littérature;suggestion
PQ;PQ295.C67;Histoire litt. française 19e, sujet spécifique : Correspondance;;1;P;BM'O - Littérature;valide
PQ;PQ295.G46;Histoire litt. française 19e, sujet spécifique : Genre (théorie du);;1;P;BM'O - Littérature;valide
Z;Z5053;Thèses (toutes disciplines), mémoires, rapports de stage etc.;EXCEPTIONNELLEMENT on classe les thèses par ANNEE | Cutter : nom de l'auteur;;Z;BM'O - Bibliographies, thèses;valide
